text,label,notes,pre_labeled
Wait he is only 22?! When I watched him play I always thought he was a bit older. Damn the dude is gonna have a great career. He is an amazing player with strong will. Hopefully this racism bullshit gets dealt with.,reaction,,True
"Last Galaxy game I watched I remember the commentator saying, when Zlatan missed a wild attempt, how he clearly did not want his 500th goal to be a tap-in or a similarly uninteresting goal. He had to go for the spectacular.",reaction,,True
If it is coming from a set piece he didn’t even try to catch it.,reaction,,True
"Zlatan Ibrahimovic speaking about the cost for children to play football in USA. Zlatan Ibrahimovic: ” It has to be said that the sport is expensive, very expensive. For example, in order for my children to play in a good football team, I have to pay $ 3,500 per child. It is not for the figure, but for the whole concept. I dislike it very much because not everyone has the money needed and the sport should be something for everyone, because it unites people of whatever origin. Pelé became a champion without anything, he played with a ball made of rags. Football is the finest sport in the world.” Source: https://www.gqitalia.it/news/article/zlatan-ibrahimovic-torna-in-italia-intervista-foto-video#intcid=recommendations_gq-it-similar_bc68db15-4d9f-47e2-9f76-0f30959b5291_cral2-1",analysis,,True
Could reduce the number of teams in the league. Wasn't the EPL supposed to be 18 teams anyway? I'd rather keep to the 20 but I feel like this is where its heading.,reaction,,True
"Still feels so bittersweet. Considering how toxic the recent years have been for both parties, it was nice to see it close with a final UCL trophy and an ovation from the Bernabeu crowd, Like it always should’ve been. In my eyes he is a Madrid Legend. Forever grateful for his contributions",reaction,,True
This is one of those sneaky goals Bruno would attempt to score as well. He knew what was going to happen.,reaction,,True
"> Ireland actually won the first group stage though? Nope. > The group consisted of Italy, Republic of Ireland, Mexico, and Norway. Mexico won the group, Republic of Ireland finished second on head-to-head with third-placed Italy, who qualified as one of the best third-placed teams. It is the only group in World Cup history in which all four teams finished with the same number of points. [[Source](https://en.wikipedia.org/wiki/1994_FIFA_World_Cup_Group_E)]",analysis,,True
[Harris]Devastating news for Jurgen Klopp with his mother Elisabeth dying at the age of 81 and he won't be able to travel to Germany for the funeral due to pandemic-related travel issues.,reaction,,True
"Literally pulled an inter from last season, came 4th in their ucl group and focused on the league",reaction,,True
I thought there was something going on behind the scenes as well with the owner cos they went from making big money signings to trying to make profits on young players.,analysis,,True
"Cristiano Ronaldo: ""Playing without fans is like going to the circus and not seeing clowns""",reaction,,True
"You see, the problem with Arsenal players is that they always try to walk i... oh, wait.",reaction,,True
"Sam Lee on Twitter: ”There's a plane flying over the Etihad that says 'White lives matter - Burnley'. Fucking hell, what an absolute embarrassment. Absolute disgrace.”",reaction,,True
"This happens sometimes...in college I was part of a team which built and flew UAVs as part of a NASA competition. After the competition, we use photogrammetry techniques to stitch together images recorded during autonomous flight and ended up with [these magnificent results which we submitted in a report to NASA](https://imgur.com/a/H0UlRsc).",analysis,,True
"Here comes the Bowser Brigade, out early today I see. He can't be expected to do everything, one small mistake and you all jump on him. He's been *injured* mate, he's Finlands best player when he's fully fit.",reaction,,True
"Most fun I've had watching PSG in a while. There's so much energy, so many players just having fun",reaction,,True
"“FOLLOWING STRONG SUSPICIONS THAT THE HUAWEI COMPANY CONTRIBUTED TO THE DEVELOPMENT OF A ""UIGHUR ALERT"" THROUGH FACIAL RECOGNITION SOFTWARE, I ANNOUNCE THAT I AM IMMEDIATELY ENDING MY PARTNERSHIP WITH THIS COMPANY. I TAKE THIS OPPORTUNITY TO INVITE HUAWEI NOT TO BE CONTAINED WITH DENYING THESE CHARGES BUT TO TAKE CONCRETE ACTION AS SOON AS POSSIBLE TO CONDEMN THIS MASS REPRESSION AND USE ITS INFLUENCE TO CONTRIBUTE TO RESPECT FOR HUMAN AND WOMEN'S RIGHTS WITHIN THE COMPANY.”",reaction,,True
They were looking at the incident where Gini took the ball back from their keeper,reaction,,True
Dont look at the comment section of that post it may trigger some football fans,reaction,,True
Mesut Özil and his fiancé will celebrate their upcoming marriage by covering the expenses for the surgeries of over 1000 kids in need,reaction,,True
"Just picture it. Ronaldo sitting there clapping politely while Riley McGree accepts the puskas for a goal scored on a rainy night in Newcastle, Australia",reaction,,True
"It'll happen defo. If not this season, next season 100% it'll be part of some highlight montage intro",reaction,,True
Doesn’t mean Pickford didn’t mug himself off With VAR Pickford is off the pitch in the first half and Newcastle probably score the pen,reaction,,True
"Wayne Rooney: The US sports trade system is well suited to other American leagues such as the NBA and NFL, but players in MLS do not earn enough for the system to be fair. MLS owners are taking advantage of the league structure, which is affecting American players.",analysis,,True
[FC Bayern] mourns the loss of Gerd Müller. The former striker has died on Sunday morning at the age of 75.,reaction,,True
"If you really had to leave, then it doesn’t matter if they scored 2 goals or not. Can’t have it both ways.",reaction,,True
How much better is cancer treatment now than 10 years ago? Because there are so many charities about it and I don't think it actually improved by much,hot_take,,True
"Absolutely, even just playing football as a hobby, I can pull some skills in practice, but even if you are playing in 5-a-side against some other dudes, you need to be really quick thinking and smart to pull them properly. So imagine the level of a guy like Neymar that brings a circus each game of football whether playing against some dudes at his red bull tournament or playing against Real Madrid.",reaction,,True
I'll even go as far as saying it's the goal of the year so far,reaction,,True
"[Vini replies to Tebas] Once again, instead of criticizing racists, the president of LaLiga appears on social media to attack me… I’m not your friend to talk about racism. I want actions and punishments. Hashtag don’t move me.",reaction,,True
Leicester win the league and Trump about to become president. 2016 shall be known in history as the year dank memes took over.,reaction,,True
"[Lewandowski] becomes the 1st Bundesliga player to ever score 41 goals in the league in the same season, breaking the 49 years old record set by Gerd Müller at 40 goals in 1972.",reaction,,True
Mohamed Salah becomes the highest scorer in a 38-game Premier League season with 32 goals. Congratulations.,reaction,,True
"The Liverpool fans themselves will cherish it very fondly, no doubt. But neutrals won't rate them as highly.",reaction,,True
"He is from Plzeň and played for Sparta, ofc he drew tough group for Slavia :D",reaction,,True
"Maurizio Sarri on racism in Italy: ""Football has the right technology to stop these people. It's inadmissible to speak of races in 2019. There is only one race: the human race.""",reaction,,True
"Post Match Thread: South Korea vs Germany [World Cup - Group F] [](#bar-1-red)[](#bar-1-white)[South Korea](#bar-5-red)[](#bar-1-white)[](#bar-1-red) vs [](#bar-1-white)[](#bar-1-black)[Germany](#bar-5-white)[](#bar-1-black)[](#bar-1-white) ------ ___ FT: [](#sprite6-p90) 2 - 0 [](#sprite6-p64) ==== Goals: [KIM YOUNGKWON 90+1'](https://www.reddit.com/r/soccer/comments/8uaq86/kim_younggwon_goal_south_korea_10_germany_94/) [SON 90+6'](https://streamja.com/pMd6) [German Fans: If you need help, don't be afraid to call a Suicide Hotline. ""Football is the most important of the least important things"" in life.](http://www.suicide.org/hotlines/international/germany-suicide-hotlines.html) http://www.suicide.org/hotlines/international/germany-suicide-hotlines.html ________________ Hi, u/BanterBoat here, and welcome to the one of the two final games of Group F! The ""Group of Death"" can see any of the four sides qualify or be eliminated, so there's everything to fight for at this stage of the competition! Germany look fierce after an epic late comeback win vs Sweden (courtesy of Toni Kroos), while South Korea will be looking to get some points on the board after a spirited performance against Mexico (with the obligatory Son banger). Anything can happen, so hopefully we'll see a little bit of World Cup magic for an all-time classic match we'll tell our kids about. ____ [](#icon-whistle-big) Kick off: 10AM EST, 7AM PST, 3PM UK [](#icon-info-big) Stadium: [Kazan Arena](https://en.wikipedia.org/wiki/Kazan_Arena), Kazan [](#icon-flag-big) Referee: Mark ""the one and only"" Geiger [](#sprite6-p184) [](#icon-tv-big) How to watch in your country: [Here](http://www.livesoccertv.com/match/2653395/korea-republic-vs-germany/), r/soccerstreams, [RedditCommentThread](https://reddit-stream.com/comments/auto) Any problems with the thread? PM me and I'll try to fix them~ *The BanterBoat is always banterin along* _______________________________________________ [](#icon-notes) Starting Lineups: [](#bar-1-red)[](#bar-1-white)[South Korea](#bar-5-red)[](#bar-1-white)[](#bar-1-red)| [](#bar-1-white)[](#bar-1-black)[Germany](#bar-5-white)[](#bar-1-black)[](#bar-1-white) ---|--- H W Jo | Neuer (C) C Hong [](#icon-sub) | Hector [](#icon-sub) Y G Kim [](#icon-ball)| Sule Y S Sun | Hummels Y Lee | Kimmich H S Jang | Kroos W Y Jung [](#icon-yellow)| Khedira [](#icon-sub) S M Moon [](#icon-yellow) [](#icon-sub) | Reus J S Lee | Ozil H M Son (C) [](#icon-ball)| Goretzka [](#icon-sub) J C Koo [](#icon-sub)| Werner Coach: [Shin Tae Yong](https://imgur.com/a/WC81SsE) | Coach: [Joachim Low](https://imgur.com/a/WC81SsE) 4-2-2-2 | 4-2-3-1 _________ [](#icon-notes) Substitutes: [](#sprite6-p90) South Korea: JH Kim, SG Kim, SH Jung, BS Oh, JH Park, SJ Ju ([](#icon-sub) 69'), SW Kim, SW Lee, HC Hwang ([](#icon-sub) 56', [](#icon-sub) 79'), MW Kim, SY Ki, YH Go ([](#icon-sub) 79') [](#sprite6-p64) Germany: Trapp, Ter Stegen, Plattenhardt, Ginter, Draxler, Muller ([](#icon-sub) 63'), Rudiger, Boateng, Rudy, Brandt ([](#icon-sub) 78'), Gundogan, Gomez ([](#icon-sub) 58') ____ [](#icon-trophy-big) Final Group F Table: Team| GP | W |D | L | GF | GA | GD | PTS | Form ---|---|----|----|----|----|----|----|----|--- [](#sprite6-p166) Sweden| 3 | 2 | 0 | 1 | 3 | 1 | 3 | 6 | [W](#bar-1-green) [L](#bar-1-red) [](#sprite6-p112) Mexico| 3 | 2 | 0 | 1 | 4 | 3 | -1 | 6 | [W](#bar-1-green) [W](#bar-1-green) [](#sprite6-p90) South Korea | 3 | 1 | 0 | 2 | 3 | 2 | 0 | 3 | [L](#bar-1-red) [L](#bar-1-red) [](#sprite6-p64) Germany| 3 | 1 | 0| 1 | 2 | 2 | -2 | 3 | [L](#bar-1-red) [W](#bar-1-green) _________________________ Head-to-Head: Date | Germany | South Korea| Result ---|---|----|----|---- 1994 World Cup | [](#icon-ball)[](#icon-ball)[](#icon-ball) | [](#icon-ball)[](#icon-ball) | Germany Win 3-2 2002 World Cup | [](#icon-ball) | | Germany Win 1-0 2004 Int'l Friendly | [](#icon-ball) |[](#icon-ball)[](#icon-ball)[](#icon-ball) | Korea Win 3-1 _____ Insight: - According to [FiveThirtyEight](https://projects.fivethirtyeight.com/2018-world-cup-predictions/), Germany has an 87% chance at progression, while Korea stands at a mighty 1%. - Germany need a win that equals or betters Sweden (should they win) in order to advance; Korea must beat Germany AND Mexico must beat Sweden, givetn hat at least one of the results is by a margin of two goals - Interestingly enough, although the Group after D is E, Group F's games are being played earlier than Group E (if there's some kind of reason, please let me know) - [Possible Outcomes Table](https://i.redd.it/arqnif63hj611.png) (courtesy of u/switcharoonintendo) _____ Match Updates: -5': And the players walk onto the Kazan Arena listening to the Seven Nation Army, national anthems to ensue. 0': Kickoff! Germany in the turquoise, Korea in the red! 2': Ozil, of all people, stops a dangerous Korean attack. Great stuff from him. 6': Reus puts in a first-time cross but it amounts to nothing. 9': [](#icon-yellow-big) Jung Wooyoung commits a hard foul and gets booked. 11': Moon Seonmin fouls outside the box but the German freekick is headed away. 16': Koo Jacheol goes down in the box after an awkward fall following a German corner. Thankfully he looks alright to go on. 19': CHANCE! Jung Wooyoung's freekick forces a Neuer error, but he clears for a corner before Korea can capitalize! 23': [](#icon-yellow-big) Lee Jaesong is shown the yellow card. 25': CHANCE! Son gets a volley effort in the box but blasts it wide! 28': CHANCE! Werner puts in a powerful cross but its headed well away by Yun Youngsun, who gets a little treatment. 33': CHANCE! Germany gets a dangerous counter off, but it's called for a handball foul on Reus. 37': Germany have been pressuring Korea from all angles here, but Korea are just barely [stayin alive](https://www.youtube.com/watch?v=I_izvAbhExY). 39': CHANCE! Germany's cross gives Khedira space, but Korea put enough pressure for it to eventually fall into the keeper's hands. 43': CHANCE! Germany get a lethal shot that cannons off the post, but unfortunately for them a foul was committed before the fact. 45': CHANCE! Son gets into the box but his dribbling attempt ends in a goal kick. 45+3': And that's the half. ____ HT: [](#sprite6-p90) 0 - 0 [](#sprite6-p64) ===== _____ 45': And the second half starts. 46': CHANCE! Jung Wooyoung goes for a longshot but its weak and too central for Neuer who catches it easily. 48': CHANCE! Kimmich gets in a wonderful cross which is met with a great header, but Jo Hyunwoo makes an amazing save! Korea given a lifeline! 49': [](#icon-yellow-big) Moon Seonmin booked for a rash challenge. 50': Sweden score in their match; Korea and Germany are both in danger of elimination! 51': CHANCE! Werner has an open volley but he strikes wide. 55': Koo Jacheol down again, and it doesn't look good for him. 56': [](#icon-sub) Koo Jacheol comes off for Hwang Heechan. 58': [](#icon-sub) Sami Khedira comes off for Mario Gomez. 61': CHANCE! Werner gets a cross in after a dubious no-call, but the play that follows leads to a wasted corner. 62': CHANCE! Son tries a shot but it's high and wide. 62': Sweden scores again! Mexico 0, Sweden 2, and if Germany remain scoreless they will not advance alongside South Korea! 63': [](#icon-sub) Leon Goretzka comes off for Thomas Muller. 65': [](#icon-yellow-big) Son receives a yellow card for simulation. 66': CHANCE! Moon Seonmin has an amazing chance but he can't pull the trigger! 68': CHANCE! Gomez gets a clean header off, but it's central and held well by Jo Hyunwoo. 69': [](#icon-sub) Moon Seonmin comes off for Ju Sejong. 71': CHANCE! Germany again gets a close range effort, but it's saved and cleared! 78': [](#icon-sub) Jonas Hector comes off for Julian Brandt. 80': CHANCES AT BOTH ENDS, THIS GAME IS REALLY HEATING UP! 82': CHANCE! Muller's flick is good, but no one can latch onto it and it's a Korean goal kick. 83': CHANCE! Marco Reus' shot is beautiful but wide. 87': ANOTHER CHANCE! Hummels gets a header but it's over! Chances at both sides, such end-to-end football, what an amazing game for the neutrals despite no goals! 88': CHANCE! BUT JO HYUNWOO WITH ANOTHER SAVE! 89': Oh dear, [Lee Yong has been hit in the crotch](https://www.clippituser.tv/c/qvkbmy), that's gotta be painful. 90': The German bench looks distraught. 6 minutes of additional time. 90+3': VAR LOOKS TO CHECK IF THERE IS CONTACT... 90+3': [GOAL!!!!!!!!!!!!](https://www.dailymotion.com/video/x6mxj40) SOUTH KOREA AT THE DEATH! KIM YOUNGGWON! 90+5': CHANCE! Muller's flick on gets to Hummels but it's over! 90+6': [GOAL!!!!!!](https://streamja.com/pMd6) SON! KOREA UP 2! FT': THAT'S THE GAME! ____ FT: [](#sprite6-p90) 2 - 0 [](#sprite6-p64) ======= ____ Statistics: ---- South Korea | | Germany ---|---|---- 31% | Possession | 69% 11(5) | Attempts (On Target) | 26(6) 3 | Corners | 6 7 | Saves | 3 253(72%) | Passes (Accuracy %) | 731(87%) 16| Fouls | 7 4(0) | [](#icon-yellow)([](#icon-red)) | 0(0) ___ German fans, again, don't be afraid to reach out for help if you need it. ""Football is most important of the least important things."" http://www.suicide.org/hotlines/international/germany-suicide-hotlines.html",reaction,,True
United States lose 2-0 to Canada for the first time in men's soccer since 1985,reaction,,True
"An Italian magazine just elected this as the worst 20 seconds of football ever played (QPR v. Man City, 1993)",reaction,,True
[Manchester City] Manchester City Football Club can confirm that it has formally enacted the procedures to withdraw from the group developing plans for a European Super League.,reaction,,True
Inter are the 2020/2021 season Serie A champions. After Atalanta fails to secure a victory away as Sassoulo.,reaction,,True
"At the end of 90 minutes, he looks as if he could run non-stop for another 90 without breaking a sweat.",reaction,,True
"Peter Crouch: ""My wife doesn't like football. One day she called me 10 minutes before a game to find out where I was.""",reaction,,True
Grealish promises young fan a celebration for his next goal. Then delivers at the World Cup. Unreal stuff.,reaction,,True
Sergio Agüero wants to leave Barça. His lawyers are reviewing the terms of the contract signed a few weeks ago so that he can leave this summer.,reaction,,True
"as I said before, good manners knows no borders. Cool to see people picking up after themselves, no reason to leave a venue trashed after you leave.",reaction,,True
Looked it up on YouTube but I don't speak German. How I wish I did so I can understand the disagreement haha,reaction,,True
"both my grandmothers had dementia and it's not easy. The way this guy is with his grandad is not to be understated, it takes a lot of strength and patience. Really lovely to see",reaction,,True
I was hoping the Germans would pile everyone forward at 2-1 down to get hit on the break ha,reaction,,True
They are on track to join China and Canada in teams that never scored the World Cup.,hot_take,,True
"People are desperate for this list. People making extra absurd titles and then the first reaction is always: ""tHe LiSt?!?!""",reaction,,True
"I know this is a meme, but Özil is still backing Ronaldo, in the World Cup he said this: >“The media is just trying to get clicks, and pundits who don’t have a career anymore just want to get attention with his big name and try to make him look bad. >“He is soon 38 years old – so what’s the surprise that he doesn’t score 50 goals a season anymore? and he also posted on social media to show support, I was surprised he still cared as it has been a decade since they played together, but nice to see some old teammates show support. Casillas did the same thing during the WC.",reaction,,True
"Des Kelly: All this whining about VAR is ridiculous. It’s like blaming CCTV for a burglary. If a referee watches a replay and STILL makes a bad decision then that’s down to the competence of the official, not the review system.",analysis,,True
"That also shows how deeply Italy was (and sometimes still is) divided, sadly... but yes he was a very special person in addition to being an amazing player (to sua the least) People often hate on Diego for his past with drugs but when he was at Napoli he got into relations with the Camorra... it’s not really his fault. People should have respected him more imo",reaction,,True
As a Dutch person it's hilarious to see one of our most famous players is a keeper who stopped some penalties that one time.,reaction,,True
"Jose Mourinho : ""For Saka to have the destiny of a country on his shoulders, I think it is too much for a kid to have everything on his shoulders in this moment...In reality, it is very hard for Rashford and Sancho to come and take a penalty after one touch of the ball.""",analysis,,True
"English fans on the hunt for beer in Qatar, ended up in one of the Sheikh's palace, cuddling with a lion cub.",reaction,,True
Not sure if it's just me seeing as I haven't seen other people mentioning it but it feels like there's more slipping over in these games than many others,reaction,,True
"Carlos Tevez: ""Footballers can live for six months without getting paid, they are not in the same despair as those who have to leave their house at six in the morning and return at seven in the evening to feed the family""",analysis,,True
"This is just ridiculous though. Because they're famous they can't go on facebook, twitter, reddit, YouTube? You do realise they're normal people. How simple would it be for you to quit the internet?",reaction,,True
"For the first time in the history of the European club competitions, both the Champions League and Europa League finals will be contested by teams all from one nation - Liverpool, Tottenham, Arsenal and Chelsea of England. This of course also means that the winner of the next UEFA Super Cup will be an English team for the first time since 2005.",analysis,,True
"696 goals. 306 assists. Lionel Messi is the first player to ever achieve over 1,000 total goal contributions.",reaction,,True
"*stops watching game, goes to catch bus* *Checks Reddit* *4 gold, 1.7k comments in 8 minutes* ""Wtf did I miss""",reaction,,True
"You're not treating this subject with the nuance it deserves. The reason so many interpretations of the same religions exist is because the books are inherently vague and contradictory. So there is no such thing as ""following a religion to the letter"". It's literally impossible. I also take issue with religion in most cases but to imply the extremist interpretations of religions are the ""proper"" ones is a bad take. You're also playing into their hands when you say that. Nothing strengthens their cause more than being perceived this way.",analysis,,True
"[BILD] Toni Kroos about Ed Sheeran giving a concert in the stadium of FC Schalke 04: ""Ed Sheeran has accomplished something which I have seen very rarely in Schalke: people leaving the stadium happily""",reaction,,True
"Sergio Aguero bought every member of staff at Man City's first-team building - of which there are more than 60 - either a Hublot or Tag Heuer watch, each engraved with the words ""Gracias! Kun Aguero"". As well as raffle tickets to win his cars.",reaction,,True
"FC Koln as a whole also did, so I'd reckon some of their players have brought it up too",reaction,,True
"Watford unveil this season's away kit, by sending the away shirt to every fan who attended all 19 away games last season.",reaction,,True
Religion and politics on a r/soccer thread filled with football fans. What could possibly go wrong?,hot_take,,True
"Have they been hacked or something? How could they not kill the audio for it, so fucking funny.",reaction,,True
"Matic and Smalling feel like ""classic Mou"" players. He's liked them since his United years.",hot_take,,True
Kinda funny how Grealish just stands up like he has a toddler on his back. Imagine that was pretty emasculating.,reaction,,True
"My God would that have been embarrassing for Zemzemi, I love seeing players get revenge. Neymar is phenomenal",reaction,,True
"It's without precedent in the Premier League era. You would have been hard pressed to find a fan who thought they could have it better than the O'Neill reign, especially after administration and falling to the 3rd tier for the first time.",reaction,,True
"Agree. For me football is one of the core things in my life, i would say it partly even defines me. I was in a bad place doing stupid things and football was one of the things that got me out. There are values and moments connected to football that go past the color of your shirt. This video shows one of those moments. No matter what team you support, we are all watching and enjoying the same game.",reaction,,True
"Post-Match Thread: Germany 0-1 Mexico [2018 FIFA World Cup] ##[](#sprite6-p64) [](#bar-1-white)[](#bar-1-black)[Germany](#bar-5-white)[](#bar-1-black)[](#bar-1-white) [](#sprite6-p64) vs [](#sprite6-p112) [](#bar-1-green)[](#bar-1-white)[Mexico](#bar-5-green)[](#bar-1-white)[](#bar-1-green) [](#sprite6-p112) -------- ##Score: [](#sprite6-p64) 0 - 1 [](#sprite6-p112) ------- [](#icon-info-big) **Match Information** * Kickoff: 18:00 MSK * Competition: [](#sprite7-p401) 2018 FIFA World Cup - Group F * Venue: [](#sprite6-p142) Luzhniki Stadium, Moscow * Referee: [](#sprite6-p78) Alireza Faghani -------- [](#icon-notes-big) **Line-ups** * **Starting XIs:** [](#sprite6-p64) [](#bar-1-white)[](#bar-1-black)[Germany](#bar-5-white)[](#bar-1-black)[](#bar-1-white) [](#sprite6-p64) | [](#sprite6-p112) [](#bar-1-green)[](#bar-1-white)[Mexico](#bar-5-green)[](#bar-1-white)[](#bar-1-green) [](#sprite6-p112) -----|----- [](#sprite1-p8) Manuel Neuer | [](#sprite1-p351) Guillermo Ochoa [](#sprite1-p121) Marvin Plattenhardt | [](#sprite1-p137) Jesús Gallardo [](#sprite1-p8) Mats Hummels | [](#sprite1-p237) Héctor Moreno [](#sprite1-p8) Jérôme Boateng | [](#sprite1-p173) Hugo Ayala [](#sprite1-p8) Joshua Kimmich | [](#sprite1-p86) Carlos Salcedo [](#sprite1-p9) Toni Kroos | [](#sprite1-p37) Héctor Herrera [](#sprite1-p17) Sami Khedira | [](#sprite1-p296) Andrés Guardado [](#sprite1-p35) Julian Draxler | [](#sprite1-p229) Miguel Layún [](#sprite1-p1) Mesut Özil | [](#sprite1-p120) Hirving Lozano [](#sprite1-p8) Thomas Müller | [](#sprite1-p21) Javier Hernández [](#sprite5-p14) Timo Werner | [](#sprite5-p48) Carlos Vela * **Substitutes:** [](#sprite6-p64) [](#bar-1-white)[](#bar-1-black)[Germany](#bar-5-white)[](#bar-1-black)[](#bar-1-white) [](#sprite6-p64) | [](#sprite6-p112) [](#bar-1-green)[](#bar-1-white)[Mexico](#bar-5-green)[](#bar-1-white)[](#bar-1-green) [](#sprite6-p112) -----|----- [](#sprite1-p6) Marc-André ter Stegen | [](#sprite1-p111) José Corona [](#sprite1-p35) Kevin Trapp | [](#sprite1-p322) Alfredo Talavera [](#sprite1-p134) Matthias Ginter | [](#sprite1-p37) Diego Antonio Reyes [](#sprite1-p10) İlkay Gündoğan | [](#sprite1-p61) Edson Álvarez [](#sprite1-p4) Antonio Rüdiger | [](#sprite1-p37) Jesús Manuel Corona [](#sprite1-p8) Niklas Süle | [](#sprite1-p28) Giovani Dos Santos [](#sprite1-p132) Julian Brandt | [](#sprite1-p28) Jonathan Dos Santos [](#sprite1-p68) Mario Gómez | [](#sprite1-p86) Marco Fabián [](#sprite1-p79) Leon Goretzka | [](#sprite1-p272) Rafael Márquez [](#sprite1-p12) Marco Reus | [](#sprite1-p173) Javier Aquino [](#sprite1-p8) Sebastian Rudy | [](#sprite1-p61) Oribe Peralta [](#sprite1-p125) ~~Jonas Hector~~ (injured) | [](#sprite1-p70) Raúl Jiménez * **Managers:** [](#sprite6-p64) [](#bar-1-white)[](#bar-1-black)[Germany](#bar-5-white)[](#bar-1-black)[](#bar-1-white) [](#sprite6-p64) | [](#sprite6-p112) [](#bar-1-green)[](#bar-1-white)[Mexico](#bar-5-green)[](#bar-1-white)[](#bar-1-green) [](#sprite6-p112) -----|----- [](#sprite1-p16) Joachim Löw | [](#sprite1-p30) Juan Carlos Osorio ------- [](#icon-star-big) **Group G Standings** Team | Played | Won | Drawn | Lost | GD | Points ---|----|----|----|----|----|---- [](#sprite6-p112) Mexico | 1 | 0 | 0 | 0 | 1 | 3 [](#sprite6-p166) Sweden | 0 | 0 | 0 | 0 | 0 | 0 [](#sprite6-p90) South Korea | 0 | 0 | 0 | 0 | 0 | 0 [](#sprite6-p64) Germany | 1 | 0 | 0 | 0 | -1 | 0 ------- [](#icon-net-big) **Match Events** **1'** - [](#icon-whistle-big) The referee whistles for the start Mexico gets the game underway. **35'** - [](#sprite6-p112) [](#icon-ball-big) [**GOOOOL! Hirving Lozano!**](https://www.clippituser.tv/c/ryyrwg) Lozano has been all over the Germany defense in the opening half hour and he's finally got his reward. Hernandez leads the charge and feeds the PSV ace on the left, who cuts inside and fires into the bottom left-hand corner. **(0-[1])** **40'** - [](#sprite6-p112) [](#icon-yellow-big) **Hector Moreno** picks up the game's first yellow card for timewasting. **Halftime - Germany 0-1 Mexico** **46'** - [](#icon-whistle-big) Germany get us back underway and need to improve significantly in the second period. **58'** - [](#sprite6-p112) [](#icon-sub-big) The excellent **Carlos Vela** [](#icon-down-big) is taken off and replaced by the midfielder **Edson Alvarez** [](#icon-up-big) . **60'** - [](#sprite6-p64) [](#icon-sub-big) Bah gawd, that's Reus's music! **Sami Khedira** [](#icon-down-big) is replaced by **Marco Reus** [](#icon-up-big) , who enters the frame. **66'** - [](#sprite6-p112) [](#icon-sub-big) Second change for Mexico as goalscorer **Hirving Lozano** [](#icon-down-big) is taken off, replaced by new Wolves signing **Raul Jimenez** [](#icon-up-big) . **74'** - [](#sprite6-p112) [](#icon-sub-big) Third and final change for Mexico, as **Andres Guardado** [](#icon-down-big) makes way for **Rafael Marquez** [](#icon-up-big) to make an appearance in his fifth World Cup. **80'** - [](#sprite6-p64) [](#icon-sub-big) Second change for Germany as **Marvin Plattenhardt** [](#icon-down-big) is replaced by **Mario Gomez** [](#icon-up-big) . **83'** - [](#sprite6-p112) [](#icon-yellow-big) **Thomas Muller** is booked for bringing down Herrera as he attempts to launch a counter-attack. **85'** - [](#sprite6-p112) [](#icon-yellow-big) A desperate **Mats Hummels** dives in late on Alvarez. **86'** - [](#sprite6-p64) [](#icon-sub-big) Third and final change for Germany, **Timo Werner** [](#icon-down-big) is replaced by **Julian Brandt** [](#icon-up-big) . **90'** - [](#sprite6-p112) [](#icon-yellow-big) **Hector Herrera** goes into the book for Mexico. His side are dead on their feet. **Fulltime - Germany 0-1 Mexico**",reaction,,True
Sensors in the official World Cup ball confirm the authenticity of Japan's second goal against Spain,analysis,,True
"""How to take a corner"" - by Polish II Liga (3rd Division ) team GKS Katowice",analysis,,True
I’d love to know the paragraph you had prepared if you’d have lost the penalty shootout,reaction,,True
"Looks like a clear attempted cross to me, from his body language and facial expression afterwards",reaction,,True
> Except it happened. That's what is so unreal. We are seeing an impossible event live in front of our eyes. We so badly want to believe it is a mirage but it is 100‰ real.,reaction,,True
"[James Benge] Harry Maguire on Sky: ""You're not going to come here and create 10 chances against West Brom"" Every team between Nov. 8 and Feb. 2 created 10+ chances in PL games against West Brom",analysis,,True
Idk if his hair is real though you can't convince me at this moment in time that it isn't lego,reaction,,True
"The game Italy-Macedonia was played at Palermo's stadium. Macedonia's winning goal was by Aleksandar Trajkovski, a former Palermo player. Here's his goals from the same(ish) spot on the very same stadium over the years",reaction,,True
"You should document your journey and experiences and submit it as a presentation to the MIT Sloan Conference. Not necessarily that it's the biggest, best analysis around (I'm sure you're doing just fine, but research teams work for years at their publications), but because it's real life, an in-the-field application of analysis to a professional team that had not really used analytics before.",analysis,,True
"He scored against Lechia (last year) and Piast (this year) in EL Qualifiers. Ofc people don't actually hate him for doing his job, they were rather joking... unless?",reaction,,True
"[AS] Cristiano Ronaldo daily routine: five naps, eats six times a day with fish making up the staple of his diet. Cristiano also puts away plenty of chicken, avocado toasts as snack and also likes to sleep eight hours a night combined with very hard training based on gym, swimming and pilates.",analysis,,True
"[Zlatan Ibrahimovic via Instagram] Reveals that he played without an ACL in his left knee for the past 6 months, among other issues, while Milan won the Scudetto",reaction,,True
"Di Maria's wife ""I begged Angel, any place but England. And 1 year later we were in Manchester, a shithole""",reaction,,True
"Ched Evans. Was a very promising football player,was accused and found guilty of rape and went to prison during the prime years of his career. Subsequently he had a retrial and was found not guilty but the damage was done, he lost out on a great career in football and the potential millions he would have made. Is now playing for Fleetwood Town.",analysis,,True
Neymar's rainbow flick over Moataz Zemzemi after being kicked 3 times in a row by him.,reaction,,True
Baroka FC's goalkeeper just scored an incredible last minute equaliser in the South African Premier Division,reaction,,True
Wait so there’s a chance that 3/4 Spanish teams are done today? That’s mental. 2 Spanish teams reached the semis last time.,reaction,,True
"After 17 seasons at Juventus, Giorgio Chiellini receives a standing ovation as he is taken off in the 17th minute in his final home game for Juventus",reaction,,True
"[Alfredo Pedullà] Zlatan Ibrahimovic announces his retirement: ""Time has come to say goodbye to football""",reaction,,True
"I imagine it's to indicate the familiarity between the players to better show how he's supposed to be missing them, i.e. to us he's De Bruyne but to Haaland he's just his friend Kevin",reaction,,True
"I think given the social media reaction over the last 24 hours, particularly in the football community, the risk of those silences not being observed is quite high and perhaps the leagues and FA are wanting to avoid such an occurance",analysis,,True
"It's really sad, he was only 31. He still could've experienced so much, and helped so many people (we found out he had done lots of charity work outside of the public eye in Ghana). I have a bit of connection with him, I remember him in my FIFA squad a few years back, he was a silver beast. May he rest in peace and I give my condolences to all personally affected by his death.",reaction,,True
Qatari Royal Police on horseback followed by Mexican fans using the same mode of transportation during the World Cup,reaction,,True
"If you're having goal problems, I feel bad for you Son You got 99 yards on the pitch left to run",reaction,,True
"Representatives from Slavia Praha (CZE) Laughing in Response to being drawn in group with Barcelona, Inter Milan, and Borussia Dortmund [group F]",reaction,,True
"[Sérgio Conceição] on Guardiola not being happy over Porto's style of play: ""If I had his budget, his players, and still couldn't get a win, I'd be sad too""",hot_take,,True
"How is this good for Germany? Ozil still has lots to give, is experienced, and despite popular opinion was not dreadful this last World Cup.",reaction,,True
A massive portion of our fans are genuinely fucking retarded in fairness. Hate seeing some of the opinions on here/twitter from our fans.,reaction,,True
Yeah I’m really surprised he actually did it. But also it’s not *that* shocking that it’s happened,reaction,,True
Yeh it’s often not talked about and from country to country poverty is relative. Many players in England grew up in households which look rich compared to South America or Africa but in reality their parents were often working 2-3 jobs just to barely put any food on the table.,analysis,,True
"[MisterChip] Lionel Messi has won 35 trophies with Barcelona, 36,4% percent of all the trophies Barcelona has won in their 122-year history. Messi scored 671 goals and assisted another 267 in 778 games, meaning he was responsible for 1 in 11 goals in the history of Barcelona.",analysis,,True
"It's a bit of a weird one. On the pitch I naturally think Andy Robertson's a dickhead, but his videos with James Milner are fucking funny and he just seems like a laugh off the pitch.",reaction,,True
FIFA has decided that teams whose supporters are guilty of racist behaviour automatically forfeit the match if the referee decides to abandon it,reaction,,True
"I think they should be a football version of the razzies, for best/worst own goals.",hot_take,,True
"Kroos just dissed the media and the journalist interviewing him lmao. He was asked what was up with him, why he played so badly. He answered with: *""sure the first goal is my fault, no ~~questions~~ doubt about it, but then again you have to have the balls to go out there again in the second half and play like I did, but no one talks about that""* LEGEND",reaction,,True
Jack Grealish takes the time to chat with a journalism student who is a Manchester United fan after the Malta match.,reaction,,True
to this day at that moment in the clip I find myself screaming KILL HIM MARCELO WHAT ARE YOU DOING JUST MURDER HIM,reaction,,True
"Not an official club welcome, but Julian Alvarez with the other players was really nice to see. He also arrived that day already wearing his medal, if I remember correctly.",reaction,,True
"Before his gangster phase: “…that’s why I would never ever disrespect a woman” 1 year into his gangster phase: “bitches ain’t shit, we don’t love them hoes”",reaction,,True
Yup. Basically one of the first few Americans to play in a top European league. Somewhat groundbreaking for the time. Can't believe he's been able to extend his career outward this far,reaction,,True
"And it's also due to stamina/strength preservation DURING the game. Modric rarely does unnecessary runs, which would drain him. It also helps that he has the vision of a god, so his positioning is almost always on spot and doesn't have to run like a madman to cover it, when he's somewhat out of position",analysis,,True
"Fuck I'd love that, Jardim deserves a club who doesn't get half their team poached every year.",reaction,,True
They assed a lot of questions of Croatia today. I think half the world was behind them. Butt they just couldn’t put away a team that’s shown to be so good at spreading teams out and penetrating.,analysis,,True
"At 23, the Manchester United and England footballer Marcus Rashford has become the youngest person ever to top the Sunday Times Giving List. The striker has donated £20 million to food, poverty and community charities – a sum greater than his personal wealth.",reaction,,True
"Seriously, I can't ever think of a team sub doing this before. It's only drawing more negative attention.",reaction,,True
It would be funny if AFC Richmond go on a UCL run and Ted Lasso just goes full Pep and shaves his head and starts screaming at his players.,hot_take,,True
You wait untill qatar buys 90% of the clubs competing in the UCL and tells them to lose vs PSG,hot_take,,True
You ever seen him take multiple selfies with people? He resets after evey picture and then puts himself into the same expression and pose for the next one. 🐐 poser.,hot_take,,True
Tbh I really likes Grealish he's really talented and gave me kind of Hazard vibes at times,reaction,,True
"Antonio Mohammed Promised to his son that after his professional career he would return to his son’s favorite club Monterrey CF to win the Mexican league. In 2006 his son passed away in a car crash, and yesterday Antonio Mohammed fulfilled his promise and won the championship with Monterrey CF.",reaction,,True
"The Orlando striker should have attempted the shot at an empty goal, and their goalie shouldve kept committing to punch the ball. He tried to go after it and then double back which made him out of position. Amazing tackle and cross by Rooney though. Unbelieveable. EDIT: apparently he's a fullback and a piece of shit, but my point still stands.",reaction,,True
Honestly getting to that age without knowing stuff like that is truly impressive. Must have the most carefree life ever,reaction,,True
Traffic is horrible when 70000+ fans try to leave all at once. That's why a lot leave earlier,reaction,,True
Interesting how our position doesn't correlate with our success. We've been spending more proportionally and doing worse fuck lol.,reaction,,True
We’re literally in history. People in the future will look at this and we saw it. LIVE. I love football. I love sports. I love everyone lol,reaction,,True
"Zidane is an incredibly smooth talker as well. Zidane: ""I need you to play less because you are too good and have a big dick, we need that for the CL."" Ronaldo: ""I love you too boss"".",reaction,,True
Good. And now let's hope that Europe acts decisively and immediately to remove all Gazprom products too.,reaction,,True
"It's just the stars aligning to allow a title like that to be true is why he said you can't make it up. It could've been a lawyer with any other previous work, or in an alternate timeline Man City could've had any other issue they require a major lawyer for. But in our timeline the guy who blocked Brexit twice to ardently try to keep Britain in Europe is the lawyer Man City hire to keep them in Europe too.",reaction,,True
I feel really fucking bad for him We let him go on the basis we would be getting a new striker...we aren't going get one at this rate At least he gets to be able to play with his best friend Messi...nope he's leaving Even worse is Barca can't even register him. Just a massive clusterfuck and he's been fucked by all parties,reaction,,True
"3-0 in Milan, 4-0 in Riazor, and that was the best team at the time probably, magical night",reaction,,True
Love the way he smiles after he scores. He's a cheeky bastard and he knows it,reaction,,True
Cavani has pretty much a universal reputation for being a nice guy though. From Napoli to PSG teammates and managers had nothing but good things to say about him.,reaction,,True
"Jorge Jesus: ""Qatar is a very organized country, but with all due respect, the World Cup should be held in a country that actually loves football""",hot_take,,True
There were news that Swedish team rented a house near Korea's camp and then some Swedish scout tried to get into their training session that was closed and was kicked out.,reaction,,True
"I propose that we start reporting literally all posts that engage in maybes in any way, all with the quote ""we don't engage in maybes"" in the report. Let's see how long they will keep it up. ps. (before a power hungry mod ban me for this comment), I obviously don't think we should literally start reporting posts like this.",hot_take,,True
"A great way to build a club is constant upheaval. Nobody likes stability, changing leadership every 4 months keeps things fresh.",hot_take,,True
r/soccercirclejerk has a new auto mod response to Greenwood Edit: Also please delete your comment 🙏🏾,reaction,,True
"Is there an alternative to seeding aside from completely randomized groups? I have issues with the current system, but the idea of one group theoretically containing something like Bayern, PSG, City and Real, and another filled with Krasnodar, Midtjylland, Ferencváros and Rennes would be terrible",analysis,,True
The comments in this thread are the exact opposite to the ones in the thread posted an hour ago.,reaction,,True
"I understand being a fan and all but man, some people have to take a step back and realize these are just people too. Everyone wants privacy.",reaction,,True
"Rule change: Starting with next season, a 4th substitution will be allowed in extra time in UCL and UEL",reaction,,True
"[Mesut Ozil] Kids grow up dreaming to win the World Cup and the Champions League - not any Super League. The enjoyment of big games is that they only happen once or twice a year, not every week. Really hard to understand for all football fans out there",reaction,,True
"Manchester United have told Hearts, Bolton Wanderers and Burton Albion they do not have to owe the club their loan payments (a combined £130,000) as they feel it's unfair to increase financial pressure on smaller clubs at this time.",reaction,,True
Abraham is Lukaku from Wish. A donkey without some of the ability to back it up.,hot_take,,True
"1,000 Brazilian children had heart attacks after the WC?! I suppose he felt obligated to pay for those. *laughs in 7-1*",reaction,,True
He will retire in Leicester. The bloke loves the club more than he loves his wife lol.,hot_take,,True
Scores a last-minute goal seconds after coming on as a substitute to put his team ahead of defending champions Barcelona in the first game of the season in his last season before retiring. There is so much to unpack here. What a legend!,reaction,,True
Could also be due to the longer pitches with typically shorter legs. More effort needed to chase/ run with ball and so can't exert the effort needed to hit the ball properly. Especially when I've seen them play set pieces they are brilliant.,analysis,,True
This is especially striking if you remember the time when people accused him of not caring enough about his country.,reaction,,True
Utd actually play fucking better without him this year you can tell hes not trying This will be contract termination or forced to play with youth until.end of contract. Also he thinks ANY top team will take him in europe after this. Curious who hes throwing under bus,reaction,,True
Norwich [3]-1 Man City - Pukki 50' [ Removed by reddit in response to a copyright notice. ],reaction,,True
Yeah lol I saw it here and went to Twitter to look for reax and the first thing I saw was Jan-Age Fjortoft saying he heard Dortmund would sign Haaland “very soon”. He wasn’t wrong...,reaction,,True
"[Melchor Ruiz] Toni Kroos: We're puppets at the hands of UEFA and FIFA. They don't think about the players, the Nations League and the Club World Cup are competitions to make as much money as possible at the expense of the players",reaction,,True
">is the most important symbol in the history of Latin American football I mean, Pelé exists. But yes, the two of them are untouchable as icons.",hot_take,,True
When the suicide hotline gets full they should reroute it to you. You're an expert on never giving up hope.,reaction,,True
"[Colin Millar] - Sevilla above Barcelona in La Liga title race. Leicester joint 2nd in Prem. RB Leipzig, Wolfsburg & Frankfurt in Bundesliga CL spots. Lille, Lyon & Monaco eyeing Ligue 1 title. None of those 8 clubs considered for 'Euro Super League'. Privatisation of elite football: a bad idea.",hot_take,,True
[Barack Obama] .@MarcusRashford is way ahead of where I was at 23—and not just because he’s a better athlete. It was great talking with him about everything from our shared love of reading to how we can lift up the next generation of leaders.,reaction,,True
"[Derek Rae] Goretzka “It is nice to once again have 82 million people who think they’re the coach of Germany, rather than 82 million virologists.”",reaction,,True
"Clubs arent publicly owned. Are privately owned by their members, as any registered non profit organization.",analysis,,True
"We got £150m for Hazard and Morata, so we very likely could've done this even without the extra funds from being banned. On the other hand, who knows what striker we would've went after last summer if we weren't banned and the butterfly effect that would've had.",analysis,,True
the level of discourse in there has essentially rendered it a facebook group at this point.,hot_take,,True
But not Agüero lol. We already have an old 34 year old who is better and not as injury-prone as Agüero is. We need a young striker for the future/next 4-5 years,hot_take,,True
"[Ilkay Gundogan] With all the Super League stuff going on... can we please also speak about the new Champions League format? More and more and more games, is no one thinking about us players? The new UCL format is just the lesser of the two evils in comparison to the Super League...",reaction,,True
"With regard to the events, development and aggravation of the past few days, FC Schalke 04 has decided to remove the lettering of its main sponsor - ""GAZPROM"" - from the jerseys.",reaction,,True
"Exactly. You can bet on home/draw, home/away and draw/away scenarios. You will get more money that you gave, but not as much as you would get if you bet on only one of the sides to win or just a draw.",analysis,,True
I can already imagine Disney making a movie about a crazy ambitious and loud Portugese fisherman. Edit: added Portuguese.,reaction,,True
"""It’s not sexist to call for smaller pitches and goals for women"" - an article by Emma Hayes, manager of Chelsea Women",analysis,,True
"In yesterday’s game Lautaro Martinez and Conte had a verbal disagreement after the double substitution, today they organized a boxing match between the two, with Lukaku as the host.",reaction,,True
"Based on his ability to hit the goal, it wouldn't surprise me if he was blind. ""Wiiiiide nose breathing all the white man's air""",hot_take,,True
The team lost 11 out of a potential 15 points vs. bottom tier clubs. They flattered to deceive.,reaction,,True
Jake Daniels: Blackpool forward becomes UK's first active male professional footballer to come out publicly as gay,reaction,,True
How long till gold? Edit: 8 awards in 2 minutes what the shit Edit 2: Ok now I have gold and there’s over 50 awards what the shit is going on,reaction,,True
> or because of a 'virus' if you believe the hotel I bet this bit them in the arse a few years later.,hot_take,,True
"reminds me of when you take a league two side in fifa career mode and bring in some 40 year old demba ba or peter crouch for an £80,000 fee and £900 a week to bang in 59 goals in 46 games with single-digit pace by the seasons end",reaction,,True
"Mexican Fan Tells Wife He's Going to Get Cigarettes, Flies to Russia For Confederations Cup Instead",reaction,,True
"Iran put in an amazing performance today as well as in this world cup in general. It was an incredibly tough group to be in and they did remarkably well. They put both Spain and Portugal to the sword and almost advanced. I don't know if I've seen a team play with more heart in my lifetime. Iran defended bravely and attacked with purpose. This is why I love football. Iran, you have gained a fan. What What a beautiful team. I send my love and admiration from the USA.",reaction,,True
"This is the first time ""fair play"" has ever meant anything in a World Cup, and all we have are compalaints. If this encourages actual fair play in future world cups, I'm all for it. This sub is full of idiots wanting teams to fly in for a penalty shootout, or people who think a coin flip that has nothing to do with play is a good idea, apparently.",analysis,,True
On this day in 2019: Liverpool comeback from a 3 goal first-leg deficit to defeat Barcelona 4-0 and advance to the Champions League final,reaction,,True
"They didn’t just play association football because they were on the other side of the world with no communication and the sport hadn’t even properly been invented yet so they just did their own thing based around Rugby. Sheffield United is the world oldest soccer team founded in 1857. And they were playing by their own rules that aren’t anything like today. Then the blokes at Cambridge uni made up their own rules in 1859 and also played a form of what would become soccer. Around the same time in 1859, on the other side of the world, the rules to Australian Rules football were being written down and a few Australian Rules football clubs were formed, two of them in Geelong Football Club and Melbourne Football Club, supposedly being the oldest football clubs in the world still to be playing at a professional level. It wasn’t until 1863 that the English FA was formed and the rules were written down and the sport of soccer was officially created. And if you want to go even deeper, there are supposedly reports of Aussie Rules football being played informally, in the 1820s (like the guys at Sheffield and Cambridge before soccer was properly codified). So who knows, maybe if Australia wasn’t on the other side of the world, Aussie Rules football could have become the most played sport in the world lol. Edit: TL;DR: Australian Rules football is a lot older than everyone might think.",analysis,,True
"""Rome wasn't built in a day, but I wasn't on that job"" - ~~Brian Clough~~ Sergio Agüero",reaction,,True
"Maaaahm: Boys... time to stop it you are 45 now, your wives are crying in despair",reaction,,True
"Dan Roan on Twitter: ""BREAKING: VAR has been voted through by Premier League clubs and will be introduced for the start of next season""",reaction,,True
"Match Thread: Germany vs Argentina [2014 FIFA World Cup Final] **[GERMANY](/26ycoz) 1 - 0 [ARGENTINA](/26skny)** *Germany scorers: Götze 113'* ----- [](//#info-big) **MATCH INFO** | *via /u/Growlbot_* * *Venue:* [Estádio do Maracanã, Rio De Janeiro](http://en.wikipedia.org/wiki/Est%C3%A1dio_do_Maracan%C3%A3) * *Date:* 13 Jul 2014 * *KO:* 16:00 Local time, 20:00 BST * *Referee:* [Nicola Rizzoli](http://en.wikipedia.org/wiki/Nicola_Rizzoli) * *UK Coverage:* Live on BBC Sport website, BBC Radio 5 live and BBC One * [Tournament Comparison](http://i.imgur.com/WDp3NdR.png) * [Historical Meetings](http://i.imgur.com/dn0AKU6.png) -------- [](//#stream-big) **STREAMS** [Video streams](http://www.reddit.com/r/stream_links/comments/2almbr/match_germany_vs_argentina_start_time_2100_cet/) | *via /u/sports_streams* [Reddit comments stream](http://reddit-stream.com/comments/2alnzy/) ------ [](//#notes-big) **LINE-UPS** |[Germany](/26ycoz)|Info|[Argentina](/26skny)|Info| |-|-|-|-| |Neuer||Romero|| |Lahm||Zabaleta|| |Hummels||Demichelis|| |Boateng||Garay|| |Höwedes|[](//#yellow) 34'|Rojo|| |Schweinsteiger|[](//#yellow) 29'|Biglia|| |Kramer|[](//#sub) Schürrle 31'|Mascherano|[](//#yellow) 64'| |Müller||Perez|| |Kroos||Lavezzi|[](//#sub) Agüero 45'| |Özil |[](//#sub) Mertesacker 120'|Messi|| |Klose|[](//#sub) Klose 88'|Higuain|[](//#sub) Palacio 78'| **Subs:** |[Germany](/26ycoz)|Info|[Argentina](/26skny)|Info| |-|-|-|-| |Schürrle|[](//#sub) Kramer 31'|Agüero|[](//#sub) Lavezzi 45', [](//#yellow) 65'| |Götze|[](//#sub) Klose 88', [](//#ball) 113'|Palacio|[](//#sub) Higuain 78'| |Mertesacker|[](//#sub) Özil 120'|Gago|[](//#sub) Perez 86'| [**Germany bench**](//#bar-10-white) : Großkreutz, Ginter, **Schürrle**, Podolski, Zieler, Draxler, Durm, **Mertesacker**, **Götze**, Weidenfeller. [**Argentina bench**](//#bar-10-blue) : Campagnaro, **Gago**, Di María, Rodríguez, Orión, Fernández, Fernández, **Palacio**, Álvarez, **Agüero**, Andujar, Basanta. --------------- [](//#ball-big) **HIGHLIGHTS** [General highlights](http://www.reddit.com/r/soccer/comments/2alnzy/match_thread_germany_vs_argentina_2014_fifa_world/ciwdm99) | *via /u/Badgersgopoo* [1-0 (Götze 113')](http://gfycat.com/SplendidZigzagGorilla) | *via /u/TomasRoncero* ------------ [](//#net-big) **MATCH EVENTS** **00'** [](//#whistle) Just about ready for kickoff. Remember, if anything's wrong with the thread, please ping my username or send me a message! **02'** [](//#info) Early free kick here for Germany in a great position as Toni Kroos is barged off the ball unfairly. It was another attempt at a cute free kick from the Germans but doesn't come off. **04'** [](//#info) And Argentina counter immediately, as Higuain's shot is dragged wide. Good early chances for both teams! The shape of the match is already clear - the Germans comfortable in possession, but Argentina look set to counter. **09'** [](//#info) Dangerous moment for Germany as Messi tears the right side apart, but he can't find a teammate with his final pass in the box. **18'** [](//#info) Ouch! Kramer is on the floor after having taken a heavy (accidental) shoulder to the face. Interesting to see what will happen here - a reminder that Kramer started this match as Khedira got injured in the warm-up. **21'** [](//#info) Higuain, Higuain, Higuain! The Napoli man is *gifted* a one-on-one by a poor header from Kroos, but he's completely missed the target! You can't miss those, not here! **29'** [](//#yellow) Schweinsteiger picks up the first yellow card of the match after bringing down Lavezzi. The free kick is played short, but doesn't come to much. **30'** [](//#flag) Higuain has the ball in the back of the net but he's strayed way, way offside and the goal is rightly chalked off! The striker should have done better, but the German defenders didn't shower themselves in credit either. **31'** [](//#sub) Kramer, meanwhile, has not been able to recover and his World Cup final comes to an end. Chelsea's Andre Schürrle comes on for him. **34'** [](//#yellow) Fairly outrageous challenge from Höwedes on Zabaleta earns him a yellow. No complaints from the German and he might consider himself a bit lucky... **40'** [](//#info) Messi runs through just about everyone but Boateng is there at the death. The match's frantic early pace is showing no signs of slowing. **45'** [](//#info) A German corner comes in and Höwedes smashes it into the post - could he have done better with that? The rebound goes straight to Müller, but he's offside. **45'** [](//#clock) After 2 added minutes, the first half is brought to an end. It's had just about everything, barring a (legitimate) goal - hopefully we'll see that plus more of the same after the break. ^___________________________________ **HT** ^___________________________________ **45'** [](//#sub) The injury-ravaged Sergio Agüero is making an appearance. Lavezzi has come off for him - bit of a risky move from Sabella. **45'** [](//#whistle) We're back out and ready to go for another 45. Maybe the last 45 minutes of the World Cup, if one of these almosts finds its way home. **47'** [](//#info) Argentina are the ones who've started better and ohhhh Messi. He's clean through, but his shot whistles narrowly wide of the far post. **57'** [](//#info) Couple of... curious decisions from the referee in the last few minutes, calling fouls that could've either gone uncalled or been given to the other team. Germany's ball now, though, having worked their way back into the half. **64'** [](//#yellow) Mascherano miscontrols and fouls Klose to stop him capitalising from the error. He'll take the yellow, first Argentinian player to be booked on the night. **65'** [](//#yellow) Agüero doesn't want Mascherano to be lonely and so charges into Schweinsteiger rashly. He's promptly booked too. **70'** [](//#info) The pace and sharpness of the first half hasn't quite carried through after the break, as both teams find themselves getting a bit scrappy in the final third. **75'** [](//#info) Messi carves out a chance after working his way around the German box, but his strike sails wide. 15 minutes left, and it's unclear which team will be able to find the moment of magic. **78'** [](//#sub) Rodrigo Palacio is Sabella's roll of the die here, and Higuain will be the man to come off. He might yet regret his big, big miss in the first half. **82'** [](//#info) The Germans playing well in the last few minutes but as Özil tees up Kroos for a trademark drive, the Bayern man tamely slides it wide. Not long left! **86'** [](//#sub) Gago comes on for Perez. That'll be Sabella's third and final move, while the Germans still have two substitutes remaining as extra-time closes in. **87'** [](//#sub) Löw makes one of those subs now, as Mario Götze comes on for Klose, the tournament's all-time record goalscorer. **90'** [](//#clock) It could've all been over by now, but after 3 added minutes the teams remain level. Off to extra time we go, then - for the third World Cup final in a row. ^___________________________________ **FT** ^___________________________________ **090'** [](//#whistle) Goalless still, then, as we go into extra time. 30 more minutes - at least - left in this match, let's see what these tired legs are capable of. **091'** [](//#info) Just 30 seconds into it and Schürrle almost finds the moment! Denied by a sharp save from Romero, and the Argentinian counter-attack is quickly snuffed out. **097'** [](//#info) Palacio with a huge chance from close range but he tries to outsmart Neuer by lifting it over him, and his effort sails well wide of the mark! **105'** [](//#clock) It's all German possession in extra time so far but still nothing to separate these teams. Penalties looming large now, but 15 minutes left to do something about that. **109'** [](//#info) Schweinsteiger's taken a fair few heavy challenges, most notably a couple of recent ones from Mascherano and Agüero - both of whom have already been booked. The German is bleeding. Careful! **113'** [](//#ball) **GOAL GERMANY!** Mario Götze has scored! Schürrle plays him in with a clever dinked cross and Götze provides the deadly finish that this match has been missing! **120'** [](//#sub) Özil is replaced by Mertesacker. There will be just 2 minutes added on to this second half of extra time. Germany on the brink! **120'** [](//#clock) And that's it! A last minute Messi free kick comes to nothing, and the referee blows for full time. Germany are the Champions! ^___________________________________ **AET** ^___________________________________ [**Congratulations to Germany, 2014 FIFA World Cup Champions.**](/26ycoz)",reaction,,True
Tottenham 2-[7] Bayern Munich - Gnabry 88' [ Removed by reddit in response to a copyright notice. ],reaction,,True
If Messi dies and a player called Issem Lenoil suddenly comes on the scene I'll have questions.,hot_take,,True
"He got top 10 in the Yashin award I think, a lot of people know of his abilities.",reaction,,True
> I've only heard about it because I've seen it all over social media kinda weird thing to say in this day and age. no?,reaction,,True
"Not surprised Wonder what happens now, can't even play the games that much later because of the Euros in the summer",reaction,,True
Norwich squad toast a drink to Barrie Greaves who left £100 in his will to the squad to buy themselves a drink.,reaction,,True
"Proper goal of the season material already, but I still am mad lmao. Mostly at how shit we've been. I really like Ingsy as a player btw, Man City could have legit got him instead of going for Kane and they would've been golden.",reaction,,True
If I saw that in FM I'd assume the person was using some corner exploit or something. Like I had a striker score 50 goals in 34 matches one season... but I save scummed a lot.,reaction,,True
"South Korea coach Shin Tae-yong: ""We put four different numbers on our players' shirts in training to confuse Swedish spies. Europeans can't tell our players apart by their faces.""",reaction,,True
"Actually, that isn't on Qatar, but on FIFA. In 2003 alcohol was banned from being drunk at Brazilian stadiums to prevent violence etc. For the Brazil World Cup FIFA forced the Brazilian government to revert the changes because FIFA had alcohol sponsors who ""must be allowed to sell their products when they advertise them"".",analysis,,True
"Micah Richards: ""At 17 years old, I earned £5k-a-week. [...] Man City offered me £100k-a-week for 5 years. I said no because I was #2 to Zabaleta. It's the worst decision I've ever made. Why do you think I work for every fucking broadcaster? At Aston Villa, I had £25k-a-week in the Championship.""",reaction,,True
"Every time he scored, it looked like a lucky accident. And he was very inconsistent. I liked him, but for 30m it was a good business. If only we would get someone decent for that money.",reaction,,True
"Birmingham and Coventry share the same stadium, same sponsor, same games played, same games won, same games drawn, same games lost, same goal difference and same points.",analysis,,True
"Varane looks very passionated with the game, this is when he talk in morroco game https://old.reddit.com/r/reddevils/comments/zqq4q8/varanes_half_time_team_talk_vs_morocco/ very same vibe with this.",reaction,,True
Conceição and Guardiola really don’t like each other Which means they’re bound to fuck after this season is over,hot_take,,True
"I have a friend whose co-workers are a lot of Armenians. He told me when they were in Armenia, his co-workers dreamt of always going to Glendale, not America. It wasn’t referred to as America or USA but Glendale.",reaction,,True
Can confirm this is an effective strategy. Speaking purely in Conte-isms has done wonders for mine and my dad's relationship.,reaction,,True
"People seem to have forgotten it's not meant to be easy to save a penalty, They're clearly weighted towards the team trying to score for good reason, Because they were the ones impeded. All the keepers throwing a fit now only shows how reliant they were on coming off their line for penalty saves and it not getting called before, Rob Green even slightly ruined his own arguement at half time by pointing out keepers can start behind their line and still jump forward if they want to build momentum for a save, Yet hardly any choose to do so.",analysis,,True
Throwback to when Napoli announcer Decibel Bellini announced the goal scorer Gonzalo Higuain at the Stadio San Paolo. Unreal!,reaction,,True
We are so spoiled to have the 2 greatest soccer players playing at the same time.,reaction,,True
I don't blame Grealish or any other footballer that parties tbh. They have made it in life and literally could retire whenever so why not live life a little,reaction,,True
"I don't think it's possible to hit the ball better than that. Power, curve, and into the corner, fucking unstoppable.",reaction,,True
"For the first time in 21 years, Arsenal fails to make the top 4 in the Premier League",reaction,,True
Rare footage of 8 year old Lionel Messi playing a youth tournament for Newell's Old Boys,reaction,,True
"Good for them. That'll be an easy method of qualifying for the 2020/21 Champions League for them, which wouldn't have been available to them if they'd won today.",reaction,,True
"Eden Hazard joins Real Madrid for 100M Euros, will make it official after Europa League Final [L'Equipe]",reaction,,True
Edinson Cavani performed with Uruguay's national ballet to encourage more male participants in ballet and challenge the stigma that it's not for boys,reaction,,True
John Terry sells NFTs to babies after every round of golf he plays. They are not the same 😤,reaction,,True
No but for the latter stages of tight games every moment counts... What's the point of stoppage time at all if it doesn't adequately compensate for stoppages?,analysis,,True
Model who accused Theo Hernandez of raping her has been arrested for making it up. [Spanish],reaction,,True
He should have only ever been brought in for the business side of things anyway. Commercialism and sponsorship? Ed’s your man. Actual footballing reasons? Well apart from the time he supposedly veto’s Mou swapping Martial for William he’s been a bit more miss than hit.,analysis,,True
It was great of them. If they had left it for any more time who knows what could have happened...,reaction,,True
"He's travelling the world racing cars, you'd think that you'd be curious enough to look up where the country you're going to is on a map",reaction,,True
You get a [six match ban for peeing on the pitch.](https://www.bbc.com/sport/football/54338213) I wonder what a poop will get you.,hot_take,,True
"Jurgen Klopp: “I don’t understand politics, I don’t understand the coronavirus. Why ask me? All I do is wear a baseball cap and a patchy beard. Celebrities shouldn’t speak on these serious issues. Leave it to the experts.”",hot_take,,True
Seriously one of the most heartbreaking stories. What a talent that young man was as well. The world was robbed and most importantly he was as well.,reaction,,True
"Blue/black top, shoulder length dreads to Leo's right (our left) towards the start of the walk out.",reaction,,True
A Romanian 4th League team forfeits their match today because one of the players has his wedding and they are all invited,reaction,,True
Our away performances often lack and your Signal Iduna Park is kind of a fortress. I can see us splitting the 6 points but literally anything can happen. You have a good team as well.,analysis,,True
"He carried France so hard this final, if they managed to win in the end it would be immortalized",reaction,,True
"Post-Match Thread: Watford 3 - 0 Liverpool [ English Premier League ] FT: Watford [**3-0**](https://www.reddit.com/r/soccer/comments/fbfwah/match_thread_watford_vs_liverpool_english_premier/#bar-3-white) Liverpool *Watford scorers: Ismaïla Sarr (54', 60'), Troy Deeney (72')* **Venue:** Vicarage Road [Auto-refreshing reddit comments link](http://www.reddit-stream.com/comments/fbfwah) **LINE-UPS** **Watford** Ben Foster, Craig Cathcart, Christian Kabasele, Adam Masina, Kiko, Abdoulaye Doucouré, Étienne Capoue, Will Hughes, Troy Deeney, Gerard Deulofeu (Roberto Pereyra), Ismaïla Sarr (Ignacio Pussetto). **Subs:** Heurelho Gomes, Danny Welbeck, Craig Dawson, Nathaniel Chalobah, Andre Gray. \_\_\_\_\_\_\_\_\_\_\_\_\_\_\_\_\_\_\_\_\_\_\_\_\_\_\_\_ **Liverpool** Alisson, Virgil van Dijk, Dejan Lovren, Andy Robertson, Trent Alexander-Arnold, Fabinho, Georginio Wijnaldum (Adam Lallana), Alex Oxlade-Chamberlain (Divock Origi), Roberto Firmino (Takumi Minamino), Sadio Mané, Mohamed Salah. **Subs:** Adrián, Joël Matip, Curtis Jones, Ki-Jana Hoever. **MATCH EVENTS** | *via* [*ESPN*](http://www.espn.com/soccer/match?gameId=541570) **37'** Substitution, Watford. Roberto Pereyra replaces Gerard Deulofeu because of an injury. **54'** **Ismaïla Sarr Goal** **60'** **Ismaïla Sarr Goal** **61'** On: Adam Lallana|Off: Georginio Wijnaldum **65'** On: Divock Origi|Off: Alex Oxlade-Chamberlain **72'** **Troy Deeney Goal** **79'** Substitution, Liverpool. Takumi Minamino replaces Roberto Firmino. **82'** On: Ignacio Pussetto|Off: Ismaïla Sarr **89'** On: Nathaniel Chalobah|Off: Abdoulaye Doucouré 94\*\*'\*\* Final Score Watford 3 - Liverpool 0 Edits: Goals Links: 1-0 [https://www.reddit.com/r/soccer/comments/fbgzvs/watford\_10\_liverpool\_sarr\_54/](https://www.reddit.com/r/soccer/comments/fbgzvs/watford_10_liverpool_sarr_54/) 2-0 [https://www.reddit.com/r/soccer/comments/fbh3b9/watford\_20\_liverpool\_sarr\_60/](https://www.reddit.com/r/soccer/comments/fbh3b9/watford_20_liverpool_sarr_60/) 3-0 [https://www.reddit.com/r/soccer/comments/fbha4d/watford\_30\_liverpool\_troy\_deeney\_72/](https://www.reddit.com/r/soccer/comments/fbha4d/watford_30_liverpool_troy_deeney_72/)",reaction,,True
"For those of you who don't speak Italian, this guy has had better Monday evenings.",reaction,,True
"Following the Port Said massacre in 2012 the league began a policy of playing games behind closed doors. They only started letting fans back in last year iirc, and even then the numbers are pretty severely reduced.",analysis,,True
"https://youtu.be/zSujf0NRYz4 He had to play against [Ramos](https://youtu.be/pR8DROokqqM) and [Pepe](https://www.youtube.com/watch?v=cq0GVOFgGBg) for years, every defender in spain went for the ""guess i just foul him"" and that shit barely worked",analysis,,True
"I mean people wanted him to apologise for taking political pictures with Erdogan, had nothing to do with his roots.",reaction,,True
[England] Marcus Rashford has been awarded an MBE for services to vulnerable children in the UK during COVID-19!,reaction,,True
"La Liga have rejected Barcelona's attempts to register 5 summer signings (Lewandowski, Kounde, Raphinha, Kessie, Christensen) and 2 contract renewals (Dembele, S Roberto). Club must raise more funds before league campaign gets underway in 8 days.",reaction,,True
"2 years ago after getting 5-0'd by Flamengo, Renato Gaúcho said ""Their squad is worth 200 million, give me a 200 million squad and you'll see how its easy"". Now he's Flamengo's manager and this is his first 6 results with the 200 million squad",reaction,,True
"As everyone explain below, he got an exemption because of winning a trophy w the national team. Making it even more of a crazy story, it was his last opportunity to do so before turning the age that would require him to serve his 2 years... Had they not won that competition, his career probably would’ve died",analysis,,True
How did Sanches do? Really hoping he gets his A game back and his fitness!,reaction,,True
“I don't understand why people take pictures of mimes. Everyone looks like a mime in a picture.” Probably my favourite Karl quote,reaction,,True
> everyone is wearing a helmet > south italy These two things are not compatible,hot_take,,True
>Gordon Banks did the best save I've ever seen in my life on this WC I still think about this randomly at times haha.,reaction,,True
"Mohamed Salah on Twitter ""Whats happening from some journalists and some people(gathering in front of his house at his home town) that i can't get out to Eid prayer has nothing to do with love. It's called disrespecting privacy and unprofessionalism",reaction,,True
"There is no way they won't use the Azteca. It's an absolutely iconic site, plus it was place of the game of the century. It's like not using Wembley or Stade de France.",hot_take,,True
That quote will surely be mounted on in the tunnel in Anfield. Sooner or later.,reaction,,True
He’s literally programmed to take the shortest route to scoring a goal and that’s it,hot_take,,True
Anyone not playing european football for me. A good chance for some of the midtable PL teams to get a trip to Wembley etc.,reaction,,True
"> I'm surprised Messi isn't afraid to say it. Messi has been quite blunt as he's been getting older. The Rome, Anfield, and Lisbon games clearly broke his belief in Bartomeu actually giving two shits about the future of this club. I'm so happy he said it. It needs to be heard, especially by the older socis in the city, that stood by Bartomeu in last election. He won that because too many people were blinded by the Triplete, but in reality Bartomeu was just an extension of Sandro Rosell. Both have done terrible, terrible damage to this club. Sure, we've kept winning titles but that's certainly not because of their decisionmaking. We've been carried mainly by Messi, Piqué and ter Stegen (and until two years ago, also Suárez and Busquets).",reaction,,True
"Mike Maignan: Zlatan scored a goal in training and told me: ""Shit keeper"". I stopped his next shot and told him, ""Shit striker."" He looked at me, didn't say anything and, when he got back to the locker room he told me ""I like how you are, I like your personality.""",reaction,,True
I feel the same about Suarez. Hated him bc he was at Liverpool but goddamn the dude can score. Him and Kun as well.,reaction,,True
"[MD] Aleksander Čeferin: ""I wouldn't mind it if Madrid, Barça, and Juve all left UEFA. Their directors are all incompetent. Florentino Pérez said his club can only survive with the Super League, then he tried to sign Kylian Mbappé for 180 million euros""",reaction,,True
"God I fucking hate Ramos, but you've got to give it to him, he's damn good at what he's doing.",reaction,,True
40 year old assistant manager of Odense Boldklub just subbed on against FC Copenhagen and did this,reaction,,True
"FFP was created to keep smaller teams small, never to stop finacial giants spending whatever they want.",hot_take,,True
[TALKSPORT] BREAKING: Ed Woodward has resigned as chairman of Manchester United. Woodward’s decision comes after the backlash over the European Super League. - talkSPORT sources understand,reaction,,True
"Arsenal, Tottenham, Chelsea and Liverpool fans send an open statement to UEFA denouncing their bad experience in European finals, including awarding the games to places with questionable human rights records",reaction,,True
Victor Osimhen tries to shake off Alex Sandro and accidentally uppercuts Locatelli shortly before Chiesa bodyslams a Juve physio 48',reaction,,True
"People are reactionary and this was a very shocking moment, probably scared people. I wouldn't hold it against them, as long as they recognise the good work the medical team have done.",reaction,,True
"[Opta Joe] Lionel Messi is the first player to score in the group stage, round of 16, quater-final, semi-final and final in a single edition of the World Cup. Prestige.",reaction,,True
"World Cup 2022 host Qatar has just introduced 100% alcohol tax. Price of all beer, wine & spirits doubled overnight. Happy New Year",reaction,,True
Brazilian clubs announce that they will loan players without fees to Chapecoense for 2017 and ask they be exempt from relegation for 3 years,reaction,,True
And he completely deserves every penny honestly. Best Leicester played since Lineker and has helped them win a fucking league title.,reaction,,True
"Interviewer to K. Schmeichel ""You're probably aware of the phrase ""it's coming home"". What would it mean for you to stop it from coming home?"" Kasper: ""Has it ever been home though? Have you ever won it"". Savage.",hot_take,,True
"Lionel Messi in his last 500 games for FC Barcelona: 500 goals, 200 assists, 358 wins, 89 draws, 53 losses.",analysis,,True
Someone is going to have to upload those ten minutes so we can watch all the goals in real time. Absolutely incredible.,reaction,,True
"Wrexham as a city should probably call Monday a holiday for everyone, they'll need some time to recover from tonight...",reaction,,True
It's the same in Portugal but I honestly believe about a million people could do a better job than Fernando Santos,hot_take,,True
"My grandfather moved from countryside Brazil to Rio de Janeiro (second biggest capital) **by himself**, no relatives at all, at 9 or so years old. Lived for a few years in a pension house, working there, until he was able to get a proper job and a proper roof. He died around 80 or so years old, leaving **several** real estate properties (built with his own hands) for my dad and uncles. Right now 50% of my dad’s income comes from those properties. And 20% of mine comes as well. Sometimes I feel like a fraud living the good life with barely no effort. I went to college, learned English, traveled abroad, etc. All because of his sacrifice. My wife’s family has a similar history. Her grand-grandfather moved from Portugal to Brazil at 7 or so years old, back in 1910, without his parents, accompanied by a couple, which were friends with his dad. Also lived in a pension for a while until being able to have a proper profession to fully support himself. Didn’t leave several real estate properties (as far as I know), but managed to provide a good life for his daughters, which translated in a great life for my wife. Insane how challenging life can be for certain people and more insane than that is how some of them manage to overcome every and anything to win anyway.",reaction,,True
Also the highest attendance Maine Road ever had in a league game was when City weren't even playing.,analysis,,True
MLS announced on Twitter the arrival of Sergio Busquets with a picture of Álvaro Arbeloa,reaction,,True
"Post-Match Thread: Liverpool 4-0 Barcelona [4-3 on agg.] # [](#sprite1-p3) **Liverpool** [4 - 0](#bar-3-white) **Barcelona** [](#sprite1-p6) *Aggregate score: Liverpool 4-3 Barcelona* *Liverpool scorers: Divock Origi ([7',](https://streamja.com/0XaW) [79'](https://streamja.com/bbOB)), Georginio Wijnaldum ([54',](https://streamja.com/P1MM) [56'](https://streamja.com/L3N6))* ----- **Venue:** Anfield, Liverpool, England **Referee:** Cüneyt Çakır (Turkey) ----- [](#sprite1-p3) **Liverpool:** [Starting XI](#bar-11-white)|[Notes](#bar-7-white)|[Subs](#bar-10-white)|[Notes](#bar-7-white) -----|-----|-----|----- [](#sprite6-p24) Alisson| |[](#sprite6-p17) Simon Mignolet [](#sprite6-p223) Andrew Robertson|[](#icon-down) 46' |[](#sprite6-p224) Ben Woodburn [](#sprite6-p124) Virgil van Dijk| |[](#sprite6-p43) Dejan Lovren [](#sprite6-p30) Joël Matip|[](#icon-yellow) 66' |[](#sprite6-p222) Daniel Sturridge|[](#icon-up) 90' [](#sprite6-p222) Trent Alexander-Arnold| |[](#sprite6-p222) Joe Gomez|[](#icon-up) 85' [](#sprite6-p222) James Milner| |[](#sprite6-p222) Rhian Brewster [](#sprite6-p24) Fabinho|[](#icon-yellow) 11' |[](#sprite6-p124) Georginio Wijnaldum|[](#icon-up) 46' [](#icon-ball-big) 54', 56' [](#sprite6-p222) Jordan Henderson| | | [](#sprite6-p151) Sadio Mané| | | [](#sprite6-p17) Divock Origi|[](#icon-ball-big) 7', 79' [](#icon-down) 85'| | [](#sprite6-p167) Xherdan Shaqiri|[](#icon-down) 90' | | **Manager:** Jürgen Klopp (Germany) ------------ [](#sprite1-p6) **Barcelona:** [Starting XI](#bar-11-white)|[Notes](#bar-6-white)|[Subs](#bar-10-white)|[Notes](#bar-7-white) -----|-----|-----|----- [](#sprite6-p64) Marc-André ter Stegen| |[](#sprite6-p124) Jasper Cillessen [](#sprite6-p161) Jordi Alba| |[](#sprite6-p161) Carles Aleñà [](#sprite6-p60) Clément Lenglet| |[](#sprite6-p139) Nélson Semedo|[](#icon-up) 60' [](#icon-yellow) 75' [](#sprite6-p161) Gerard Piqué| |[](#sprite6-p24) Arthur|[](#icon-up) 75' [](#sprite6-p161) Sergi Roberto||[](#sprite6-p24) Malcom|[](#icon-up) 80' [](#sprite6-p24) Philippe Coutinho|[](#icon-down) 60' |[](#sprite6-p60) Samuel Umtiti [](#sprite6-p161) Sergio Busquets|[](#icon-yellow) 45+1' |[](#sprite6-p17) Thomas Vermaelen [](#sprite6-p43) Ivan Rakitić|[](#icon-yellow) 53' [](#icon-down) 80'| | [](#sprite6-p35) Arturo Vidal|[](#icon-down) 75' | | [](#sprite6-p185) Luis Suárez| | | [](#sprite6-p7) Lionel Messi| | | **Manager:** Ernesto Valverde (Spain) ------------ [](#icon-net-big) **MATCH EVENTS** 1': We're off! 2': [Robertson shoved Messi's head while he was on the ground. Dangerous in a game with VAR.](https://i.imgur.com/1WRSJzW.gifv) 7': [](#icon-ball-big) [**GOAL LIVERPOOL!! Henderson's shot is saved by ter Stegen but the rebound goes to *Divock Origi* who scores a tap-in on an open net!**](https://streamja.com/0XaW) 10': Screams for a penalty from the home crowd as Mané goes down in the box after a clash with Sergi Roberto. Nothing given, probably rightly. 11': [](#icon-yellow) [*Fabinho* slides in late on Suárez](https://www.reddit.com/r/soccer/comments/bluv2n/fabinhos_challenge_on_suarez_that_yields_him_a/) 14': SAVE! Messi denied by a high-reaching Alisson who tips the ball over the bar. 16': [Barcelona was four-on-two in the box but Messi somehow took too long and let Matip kick the ball away.](https://streamvi.com/watch.php?video=1557256606) 18': [SAVE! Alisson denies Coutinho with a dive to his left, and he pushes it hard enough to keep it away from Suárez.](https://streamable.com/7sinf) 19': Messi smashes his shot but it curls just wide. Hearts in mouths in Anfield on that one. 32': Henderson looks to be in a lot of pain. I don't know if he's gonna continue. /edit Looks like he is. 35': ...ooh, it looked like Lenglet shoved Mané down but the ref declines to give anything. 41': Now an injury scare for Robertson but he too is staying on. 45+1': [](#icon-yellow) *Sergio Busquets* collides midair into Fabinho 45+3': Messi rolls a shot just wide from distance. 45+4': [Barca on the counter but Alba is denied by Alisson who makes himself big, getting just enough touch to blunt the shot and quickly claim the ball.](https://streamable.com/oywl6) **HT Liverpool 1-0 Barcelona [1-3 on agg.]** Liverpool aren't out yet. They got one in the first half and they need two in the second; anything is still possible. ----- 46': [](#icon-sub) Liverpool substitution: *Georginio Wijnaldum* on for *Andrew Robertson* 46': We're back! 51': SAVE! Van Dijk hits a corner kick with a backheel and ter Stegen makes a big reaction shot. 51': SAVE! Alisson denies Suárez with one hand! 53': [](#icon-yellow) *Ivan Rakitić* carded for a handball in the midfield 54': [](#icon-ball-big) [**GOAL LIVERPOOL!! *Georginio Wijnaldum* smashes the cross and ter Stegen only gets a futile glancing touch that isn't enough to keep it from hitting the back of the net! One to go!**](https://streamja.com/P1MM) 56': [](#icon-ball-big) [**GOAL LIVERPOOL!! *Georginio Wijnaldum* again, with a big header on Shaqiri's cross! It's tied on aggregate out of nowhere!**](https://streamja.com/L3N6) 60': [](#icon-sub) Barcelona substitution: *Nélson Semedo* on for *Philippe Coutinho* 66': [](#icon-yellow) *Joël Matip* commits a tactical foul to stop a counterattacking Messi. 68': Messi denied at the near post! A good chip pass to him over the top, he fires and wins a corner. 75': [](#icon-sub) Barcelona substitution: *Arthur* on for *Arturo Vidal* 75': [](#icon-yellow) *Nélson Semedo* pulls back Mané by the arm 79': [](#icon-ball-big) [**GOAL LIVERPOOL!!! A trick play!!! Alexander-Arnold makes like he's going to not take the corner, then takes the corner and hits it to *Divock Origi* completely unmarked!!! The lead is theirs with ten minutes to go!**](https://streamja.com/bbOB) 80': [](#icon-sub) Barcelona substitution: *Malcom* on for *Ivan Rakitić* 85': [](#icon-sub) Liverpool substitution: *Joe Gomez* on for *Divock Origi* 90': [](#icon-sub) Liverpool substitution: *Daniel Sturridge* on for *Xherdan Shaqiri* **FT Liverpool 4-0 Barcelona [4-3 on agg.]** I have no words. What a game.",reaction,,True
"She sounds so disappointed - like he just summoned Cthulu into this dimension by signing milk randomly. ""Oh no... That's actually the sign for milk""",reaction,,True
"Why do people always go ""Twitter is like this"" ""Reddit that"" ""Facebook the worst"" when it's just people, wherever they choose to be, that are the absolute cunts creating conflict when they should be helping. So it absolves them who are pointing elsewhere I guess, like the reddit users who swear it's so much better here than twitter (it's better but not by much).",reaction,,True
Refreshing to see him drop the token modesty for a change. And boy doesn't he deserve it this year.,reaction,,True
"No, if its a hooligan its most likely pyrotechnics and just hurts your ears, if its a terrorist its most likely a shrapnel bomb and your legs are gone.",hot_take,,True
"That beautiful play of his where he doesn't touch the ball and fools the player, resulting in the ball going pass the defender, will forever be cemented in my memory. He was a genius on and off the ball. The icon of football and the incarnation of Brazilian football spirit. RIP legend.",reaction,,True
Former UEFA president Michel Platini has been arrested over the awarding of the 2022 World Cup.,reaction,,True
"[VG] Ståle Solbakken [Norwegian NT manager]: ""In the past few years Juventus has been knocked out by Lyon, Porto and Ajax. Why the fuck do they want to be in that competition. Spurs and Arsenal aren't even top 20 teams in Europe at the moment""",hot_take,,True
Can't believe this. I mostly remember him from his Arsenal days where he was great. Was playing in Spain second division but still not end of his career for sure at 35. RIP.,reaction,,True
"Yes. VAR is reserved for goals, penalties, yellow/red offenses, and mistaken identity. I suspect part of the problem right now is that refs do not have the confidence to implement it with fidelity. Part of this is due to lack of experience.",analysis,,True
"Erling Haaland: ""Tomorrow, I will wake up & think about to get 3 points against Leeds. I can't keep thinking about these records or else I would become crazy. I will go home, play some video games, eat something and then sleep... I cannot tell people what video games I play. It is too embarrassing.""",reaction,,True
Ofc it is poor defending. They are from the 3rd best league in Denmark. Lyngby who won 9-0 are without a doubt getting relegated this season in the best league. Also he might not be a defender om the first place.,hot_take,,True
Napoli loves Napoli more than it loves Italy so that is not the least bit surprising,hot_take,,True
"unrelated, but holy shit defending has come a long way.. That wouldn't cut it in Danish 1. division today",reaction,,True
"Son beat two players then sprinted in a straight line past a few jogging defenders who didn't even try to challenge him. Boufal scored the same if not better goal the year before, and it didn't even win PL goal of the season. The Son goal was insanely overhyped. edit: I lied, the Boufal goal did win goal of the season, but it wasn't nominated for Puskas.",hot_take,,True
Thanks for uploading this! Life as a Hannover Fan must be kinda shit right now,reaction,,True
The best thing about that was Neymar doing an insta live and showing his DMs,reaction,,True
"One of the greatest strikes I have ever seen. Absolute perfection, the way he slices the ball on the half volley is a thing of beauty. He meant that down to the inch.",reaction,,True
"Lionel Messi and Cristiano Ronaldo together for a Louis Vuitton campaign, captured by Annie Leibovitz.",reaction,,True
Bonucci on Immobile's dive: ''The joy and emotion of the goal was so big that it cured him'',reaction,,True
United flairs on r/soccer never disappoints me. Hating on your own player for karma. Stay classy,reaction,,True
"What these idiots don't realize is that it's only a matter of time until the ESL becomes an ""unfair"" competition aswell, where there will also be a select few ""big"" teams in it getting the most fame and money.",hot_take,,True
"Anyone who says they'd rather go undefeated in the league than win all three major competitions in the same season is lying to others and to themselves. Idc how many games you win, points you accumulate, goals you score, etc. Nothing matches a treble. NOTHING.",hot_take,,True
Neymar gets kicked in the back then proceeds to dribble the person who kicked him from the free kick,reaction,,True
Sitting down and drinking water might as well have been him seeing his team team score an important goal,reaction,,True
"Lewandowski: ""I'd give the Ballon d'Or to myself. We've won everything there was to win and I was top scorer in every competition. Any other player in my position would receive it"".",hot_take,,True
"Are you guys happy with those lot? I feel like they've done well, but I haven't watched every game of yours this season.",reaction,,True
"Imagine being a defender and you see Reece James and Romelu Lukaku running full speed at you, I'd shit myself",reaction,,True
Alassane Plea (Gladbach) scores a volley with his standing foot while faking a shot with his other foot,reaction,,True
